make,Model
Nissan,SentraS
Nissan,Altima2.5
Nissan,Versa
Nissan,SentraSV
Nissan,Altima2017.5
Nissan,SentraSL
Nissan,SentraSR
Nissan,Altima3.5
Nissan,SentraNISMO
Nissan,RogueS
Nissan,MaximaS
Nissan,MaximaSV
Nissan,MaximaSL
Nissan,MaximaSR
Nissan,NV200
Nissan,MaximaPlatinum
Nissan,Rogue2017.5
Nissan,RogueSV
Nissan,MuranoAWD
Nissan,Rogue
Nissan,RogueSL
Nissan,LEAFS
Nissan,MuranoFWD
Nissan,Murano2017.5
Nissan,TitanSingle
Nissan,FrontierKing
Nissan,JUKEFWD
Nissan,TitanCrew
Nissan,QuestSV
Nissan,PathfinderSV
Nissan,PathfinderS
Nissan,LEAFSL
Nissan,PathfinderPlatinum
Nissan,NV
Nissan,FrontierCrew
Nissan,JUKEAWD
Nissan,LEAFSV
Nissan,PathfinderSL
Nissan,Frontier
Nissan,QuestPlatinum
Nissan,Titan
Nissan,QuestS
Nissan,370ZCoupe
Nissan,TitanKing
Nissan,370ZRoadster
Nissan,Armada2WD
Nissan,Armada4WD
Nissan,ArmadaSV
Nissan,GT-RPremium
Nissan,GT-RNISMO
Nissan,VersaS
Nissan,SentraFE+
Nissan,VersaSL
Nissan,VersaSV
Nissan,LEAF4dr
Nissan,JUKES
Nissan,JUKESL
Nissan,JUKENISMO
Nissan,JUKESV
Nissan,NV200S
Nissan,NV1500
Nissan,NV200SV
Nissan,NVPV6
Nissan,Frontier2WD
Nissan,Frontier4WD
Nissan,QuestSL
Nissan,NV2500
Nissan,NVPV8
Nissan,NV3500
Nissan,Versa1.6
Nissan,Altima4dr
Nissan,Murano2WD
Nissan,RogueFWD
Nissan,Pathfinder2WD
Nissan,Pathfinder4WD
Nissan,Rogue4DR
Nissan,FrontierS
Nissan,XterraS
Nissan,XterraX
Nissan,XterraPRO-4X
Nissan,GT-RBlack
Nissan,Maxima3.5
Nissan,MuranoSV
Nissan,Murano
Nissan,cubeS
Nissan,PathfinderHybrid
Nissan,cubeSL
Nissan,JUKE5dr
Nissan,QuestLE
Nissan,ArmadaSL
Nissan,ArmadaPlatinum
Nissan,GT-RTrack
Nissan,AltimaSedan
Nissan,AltimaCoupe
Nissan,MuranoS
Nissan,MuranoSL
Nissan,MuranoLE
Nissan,NVP3500
Nissan,NVStandard
Nissan,NVHigh
Nissan,Sentra4dr
Nissan,Altima2dr
Nissan,Maxima4dr
Nissan,Versa5dr
Nissan,Versa4dr
Nissan,RogueAWD
Nissan,Quest4dr
Nissan,Titan4WD
Nissan,Xterra2WD
Nissan,Titan2WD
Nissan,Xterra4WD
Nissan,cube5dr
Nissan,370Z2dr
Nissan,GT-R2dr
Nissan,370ZHeated/Cooled
Nissan,FrontierSE
Nissan,350Z2dr
Nissan,Sentra
Nissan,Armada2008
Nissan,ArmadaNISSAN
Nissan,Murano4dr
Nissan,PathfinderLE
Nissan,ArmadaLE
Nissan,PathfinderSE
Nissan,Xterra4dr
Nissan,ArmadaSE
Nissan,TitanSE
Nissan,PathfinderXE
Nissan,Maxima
Nissan,Pathfinder
Nissan,Pathfinder4dr
Nissan,Pathfinder99.5
Nissan,Quest3dr
Nissan,200SX2dr
Nissan,Trucks
