Make,Model
Toyota,CamryLE
Toyota,CamrySE
Toyota,C-HRXLE
Toyota,CamryL
Toyota,CamryXLE
Toyota,CorollaLE
Toyota,AvalonXLE
Toyota,AvalonHybrid
Toyota,CorollaSE
Toyota,CorollaL
Toyota,Yaris
Toyota,CorollaXLE
Toyota,Corolla
Toyota,CamryXSE
Toyota,Prius
Toyota,CorollaXSE
Toyota,CamryHybrid
Toyota,Yaris5-Door
Toyota,Camry
Toyota,Yaris3-Door
Toyota,RAV4LE
Toyota,86Manual
Toyota,RAV4XLE
Toyota,86Automatic
Toyota,PriusOne
Toyota,PriusTwo
Toyota,PriusFour
Toyota,Tacoma2WD
Toyota,RAV4
Toyota,RAV4Limited
Toyota,PriusThree
Toyota,RAV4SE
Toyota,86SE
Toyota,Tundra
Toyota,RAV4Platinum
Toyota,SiennaLE
Toyota,SiennaL
Toyota,Tacoma4WD
Toyota,HighlanderLE
Toyota,SiennaXLE
Toyota,SiennaSE
Toyota,4Runner2WD
Toyota,AvalonLimited
Toyota,SiennaLimited
Toyota,HighlanderXLE
Toyota,HighlanderSE
Toyota,4Runner4WD
Toyota,TacomaSR5
Toyota,HighlanderHybrid
Toyota,HighlanderLimited
Toyota,SequoiaSR5
Toyota,MiraiSedan
Toyota,Highlander
Toyota,SequoiaLimited
Toyota,SequoiaPlatinum
Toyota,Land
Toyota,CorollaS
Toyota,CorollaECO
Toyota,RAV4FWD
Toyota,RAV4AWD
Toyota,"SiennaL,"
Toyota,"SiennaLE,"
Toyota,Avalon
Toyota,HighlanderFWD
Toyota,Sienna5dr
Toyota,"SiennaXLE,"
Toyota,HighlanderAWD
Toyota,"SiennaLimited,"
Toyota,"SiennaSE,"
Toyota,4RunnerRWD
Toyota,Sequoia4X2
Toyota,Sequoia4X4
Toyota,Sequoia4WD
Toyota,TacomaTRD
Toyota,4RunnerSR5
Toyota,Yaris5dr
Toyota,RAV44X4
Toyota,RAV44X2
Toyota,PriusFive
Toyota,PriusPersona
Toyota,PriusHATCACK
Toyota,VenzaLE
Toyota,VenzaXLE
Toyota,AvalonTouring
Toyota,VenzaLimited
Toyota,4Runner4x2
Toyota,4Runner4x4
Toyota,Sienna
Toyota,Camry2014.5
Toyota,YarisL
Toyota,YarisLE
Toyota,Camry4dr
Toyota,RAV44WD
Toyota,TacomaRegular
Toyota,RAV4XLE/4WD/W/NAV/REAR
Toyota,"VenzaLE,"
Toyota,TacomaAccess
Toyota,AvalonPremium
Toyota,"VenzaXLE,"
Toyota,TacomaDouble
Toyota,"VenzaLimited,"
Toyota,SiennaLE/DVD
Toyota,FJ
Toyota,Corolla4dr
Toyota,MatrixS
Toyota,MatrixL
Toyota,Prius5dr
Toyota,Highlander4X2
Toyota,Highlander4X4
Toyota,"SiennaXLE,CERTIFIED,"
Toyota,Sienna7-Pass
Toyota,Matrix5dr
Toyota,Yaris3dr
Toyota,YarisBase
Toyota,Yaris4dr
Toyota,YarisFleet
Toyota,"Yaris4DR,"
Toyota,YarisSedan
Toyota,Avalon4dr
Toyota,Venza4dr
Toyota,Highlander4WD
Toyota,SiennaBase
Toyota,SequoiaRWD
Toyota,TacomaBase
Toyota,4Runner
Toyota,PriusIII
Toyota,TacomaPreRunner
Toyota,HighlanderHARD
Toyota,CorollaXRS
Toyota,RAV4Sport
Toyota,RAV4base
Toyota,HighlanderSport
Toyota,RAV42WD
Toyota,Highlander2WD
Toyota,Tundra2WD
Toyota,Tundra4WD
Toyota,"RAV4V6,Sport,JBL"
Toyota,Sequoia2WD
Toyota,Tacoma4D
Toyota,Tacoma
Toyota,RAV44dr
Toyota,Highlander4dr
Toyota,SiennaCE
Toyota,4Runner4dr
Toyota,Sequoia4dr
Toyota,Celica3dr
Toyota,MR2
Toyota,Echo2dr
Toyota,Echo4dr
Toyota,TundraSR5
Toyota,Prius4dr
Toyota,T100XtraCab
Toyota,Tercel2dr
Toyota,Celica2dr
Toyota,Previa3dr
Toyota,RAV42dr
Toyota,Supra3dr
